"","id","x","m","y"
"1",1,1.54512053853359,0.106801652049748,0.567776006731954
"2",1,2.27527199850138,2.1104393705121,1.20614507981664
"3",1,0.786699203122719,0.0388826856088687,-0.261277066789083
"4",1,-0.061858723341593,0.479406454260004,-0.758990362351134
"5",1,0.117259842109488,0.590824125974888,0.519076880179305
"6",1,1.48092377871908,0.890944975307105,-0.631119282746619
"7",1,0.892759551917916,-0.227677489563873,0.152079402548846
"8",1,0.924604709426904,0.729178532315522,0.234630578751691
"9",2,1.00310883344297,-0.362240106199788,-1.1507767522765
"10",2,-1.19143219964558,-2.96580424811986,-3.71683432469094
"11",2,-1.80035342881345,-3.64842851694609,-4.46955325785179
"12",2,-1.25851486847731,-2.30431516255705,-3.22329020440138
"13",2,-0.470770555637462,-1.46406006635587,-2.66147669781162
"14",2,-2.81502225926296,-2.11964921627309,-2.16929419567614
"15",2,-0.265987511485394,-0.361277346372653,-2.17267385072721
"16",2,-1.56170378384436,-2.55560075854242,-3.85720495687553
"17",3,0.738093520513439,2.10595295475758,0.439006821006763
"18",3,-0.515775104001333,1.48507186857015,-0.155528167711432
"19",3,0.562342829371955,-0.166016124292729,0.11606186076524
"20",3,0.219609918461044,-0.149136476474776,1.197791926659
"21",3,-0.168271828374018,0.832414337637616,0.346238282457799
"22",3,-2.24801025587426,0.275230276028001,0.694250103061225
"23",3,-0.894504064947236,0.766909280506204,0.631185128812519
"24",3,1.1510941468546,0.893054683019325,-0.33817715514542
"25",4,-0.27343141257207,0.0553665450656406,-0.280211263036602
"26",4,-2.03113917799806,-0.592193737618246,-1.00470807864899
"27",4,1.14204197371199,1.50580443661974,1.1723970344993
"28",4,-0.0918946246998149,1.05013415118006,-0.687800788170756
"29",4,-1.11407720754901,-0.876734801434919,-1.36097428594825
"30",4,-0.662885784346433,0.0333654076518675,0.859605328894774
"31",4,-0.790365229740616,0.800171273989736,0.035819016105881
"32",4,0.383234800879843,0.917254666359272,1.01559766604043
"33",5,2.69950268872397,4.13253207982448,2.98606843026472
"34",5,1.10674397941099,0.770152383111401,-0.573239593982925
"35",5,-0.0650288234563899,-0.311875100423841,-1.00643492268931
"36",5,-0.488448212944537,-2.8838082075035,-3.19848199515855
"37",5,-0.0749475814958365,-0.47163291912482,-0.598380868897317
"38",5,0.257937298312505,0.993487283385892,-1.27216724546992
"39",5,0.995419346334814,1.20675726811302,1.13779468030641
"40",5,-0.677121914647286,-0.250613490951137,-1.28162562001011
"41",6,-2.08987624132488,-2.67205124968787,-3.1841290859936
"42",6,0.747691972617608,-1.02702069019289,-0.79617177186164
"43",6,-0.690831528581626,-3.05918313687194,-0.832045469678872
"44",6,0.908916956162659,-2.48663603116918,-2.56452009980695
"45",6,-0.549685592032743,-2.26003824851184,-2.99447197156285
"46",6,2.06402821575548,-0.636513966790226,1.66693596838684
"47",6,1.2991883522946,-0.780742279287748,0.741307668253988
"48",6,-1.69800326548602,-3.06625391621102,-2.67644474045031
"49",7,-1.75106174695384,0.125283843417155,0.308019578511682
"50",7,-0.540111311644633,-1.1473433298309,-0.255769339727656
"51",7,-1.55231066883433,-2.03416566431974,-1.39984751075065
"52",7,-1.45460834394452,-2.41350968810551,-1.38423166166263
"53",7,-1.51157899297575,-1.39876518469816,-2.72960159748233
"54",7,-1.93881498542656,-2.16507434687943,-2.2867604820632
"55",7,-1.54817531196127,-1.89780047986277,-1.27239058158874
"56",7,-1.57373989877422,-1.57951036648043,-0.828808188447533
"57",8,-0.486393578559847,-1.72238877671607,-0.078053019981215
"58",8,-1.31512564715728,-2.00385735167144,-0.545772171970666
"59",8,-0.127528529451265,-0.0295172729676589,0.414074080131538
"60",8,-0.947679182577509,-2.78976797499014,-1.59866916041679
"61",8,-0.419171122641727,-0.747527104882866,-0.392904479848871
"62",8,2.29729986766545,-0.377508547576828,0.531098725602779
"63",8,-0.273877417713369,-1.41361066684435,-1.51443958632405
"64",8,-0.912494912243049,-0.0496896526832114,-0.0614376696427855
"65",9,0.67151895687869,2.32705874130705,1.45861484969826
"66",9,0.311299883867386,0.588019796226565,1.02593852732544
"67",9,1.83667941288217,2.23350003603187,3.22692275449079
"68",9,2.58588375174605,1.21325640441193,3.10855612138326
"69",9,2.23154560956545,2.76947458758943,2.98296498775968
"70",9,-0.133296971684648,1.54171314561186,1.21048877630136
"71",9,2.06863017114201,0.507856014229526,1.05556444604052
"72",9,-2.00318695283617,0.210663239742454,-0.0309550719385577
"73",10,0.704693910268795,0.218698560982671,0.961359183321544
"74",10,2.10969838674128,1.33359861672623,1.41513395590058
"75",10,0.617980527859735,0.275565678885461,-0.49254812013987
"76",10,0.372451113313201,-1.17283551899528,-1.16702592892689
"77",10,-0.877542781981174,0.229788140995849,-0.0339524720109965
"78",10,0.778178152574819,0.343399351462714,0.461951638336825
"79",10,1.3373005678107,1.29454244611176,1.73329100661721
"80",10,1.82813873470857,0.107208456261038,0.0141155680862087
"81",11,1.40980426094334,0.277531328745725,1.36734834199813
"82",11,0.476518101151396,0.128027968704714,1.55128070117475
"83",11,-0.464169873303307,-0.197073483898966,-0.358328496245893
"84",11,-1.66696907990166,0.936625685535766,-0.276867532429901
"85",11,0.00251383136404393,-0.886020433753805,0.219132048234511
"86",11,0.313991170398164,0.786796834415762,-0.229349282186348
"87",11,-2.43995782092758,0.604565580738544,0.834393926043368
"88",11,-0.706370513902312,-0.649184031124007,0.958967358084975
"89",12,0.0651054229349229,0.310460078739338,-1.69964760993844
"90",12,0.296999755719536,1.36669371424097,1.51589844424147
"91",12,-0.0556444519132975,-0.68425194651264,-0.931022905900368
"92",12,0.54747433283803,0.67015510490491,0.304331455107527
"93",12,0.516857293427336,0.30744809474372,-0.432756443299243
"94",12,-0.342264087484937,-0.49943805923096,-2.02535041770978
"95",12,2.36921871040975,0.14505631870662,0.3444730082697
"96",12,1.82425433897758,1.18270852978443,0.877791546584336
"97",13,1.43400442964216,2.10860859818829,2.4821265923321
"98",13,0.607741693162821,1.26433836031932,1.42483558530923
"99",13,0.523818822705856,0.0603465302680282,0.21153964993863
"100",13,1.63335139580576,1.5344116960739,3.47928303213902
"101",13,0.34544674066296,0.868864007064936,1.67004457419559
"102",13,0.800853088359183,2.35120665368861,2.91600288206042
"103",13,1.23727481200157,0.703340450533945,1.21020306522072
"104",13,-0.165994730100886,-0.399566481710241,-0.913265675329445
"105",14,-1.19542631724164,-4.31077860163299,-5.86975661881095
"106",14,-3.46950547416447,-6.478369693295,-8.51484674584779
"107",14,0.307895335320614,-1.18822365376806,-1.96823881602404
"108",14,-0.654042107736484,-2.17209742130666,-3.70717466478973
"109",14,-1.61679815961549,-3.00415462506993,-4.13882973698861
"110",14,-1.84220607307094,-4.35009616379557,-4.81926401155009
"111",14,0.00916774766263129,-0.711351431634865,-1.21549554581502
"112",14,-1.54939348550726,-3.35191727647374,-4.38248226126293
"113",15,-0.252736379966332,0.827836937649701,-0.831455409255629
"114",15,0.254779803121694,0.399374823532327,0.67226907134517
"115",15,0.388245358779487,0.833465386047243,-0.588985170872947
"116",15,0.65367269295006,1.66331556037905,0.649513589055836
"117",15,-0.200257429457408,2.89917997881052,0.547792343026314
"118",15,-0.632440054053307,0.491273685529098,-1.02574406471428
"119",15,-0.417035343550712,0.310509627215095,-1.0542827063681
"120",15,0.443858384595095,0.591948326697088,-0.49765514367113
"121",16,1.14422610600803,-1.6100725763066,-0.558159627495188
"122",16,-0.488876314653687,-2.83147694888706,-2.17140565802591
"123",16,-1.70313586475328,-0.538172360634578,-1.0735863743124
"124",16,0.988967013602643,-2.42889319570474,-1.7969871493527
"125",16,1.0669637556337,-2.35122814182819,-1.65224869139132
"126",16,-0.843605152926554,-1.50909464905533,-2.80583191570476
"127",16,-0.323318360362159,-1.17163386111744,-1.43871072594127
"128",16,-1.43163269573852,-0.984907771797866,-2.33127251081394
"129",17,-2.30018890186547,-1.28230625594449,-2.50863563527028
"130",17,-0.695322689230863,-0.189544770150841,-2.10089662810964
"131",17,-1.73536672421386,-2.0351532836581,-4.42417914049822
"132",17,0.101131302224525,1.39986080990372,0.928719619125929
"133",17,-3.39171296435634,-2.9772230881219,-6.49153891763554
"134",17,-0.697019420191772,-0.937918515509201,-1.85706600813918
"135",17,-1.80733352623847,-2.37628270274789,-4.79589395808672
"136",17,0.791549537374609,0.469384199130716,-0.0579276147559411
"137",18,-1.18542837352476,0.131565956227666,-0.541595941811749
"138",18,-1.28642484161252,0.297901663234139,-0.0407617768333033
"139",18,-0.0622499471748077,0.231430247171563,0.387656670731677
"140",18,-2.88384386819457,-1.49921277863776,-1.570974789522
"141",18,-0.11053636704443,0.877970131234942,0.433547972083655
"142",18,-1.10564155306204,-0.923533576908767,-1.21950275651008
"143",18,-0.611571540272271,-0.321477500571291,0.383704465885674
"144",18,-2.27404708270286,1.17909978834468,1.52186575480673
"145",19,-0.339688659784992,-0.698578153304355,0.722333631176312
"146",19,-2.13443280489912,-0.691842849035483,0.628604252686035
"147",19,1.04257633464223,0.0254491494364945,0.569899297558124
"148",19,-0.640917410636597,-0.319043667601796,2.40595364465827
"149",19,-0.287704846136481,1.54862510163168,0.517394657809911
"150",19,-0.390697952063197,0.0704651706945955,1.31086747163694
"151",19,1.50636707594959,1.78685418948507,1.70179428137352
"152",19,0.573446865121981,0.668206707611741,1.62344545025158
"153",20,0.989053036725967,-0.969102924150937,-0.16021013127211
"154",20,0.521791921059567,0.229479492630827,-0.172239916470847
"155",20,-0.470594462413782,-0.881438845463026,-1.52298634611718
"156",20,-0.0607042432439905,-1.68527882896939,-0.383649437878372
"157",20,-1.2993040010918,0.399339979085837,-2.15548622127914
"158",20,-0.688930783304588,-1.86318112564499,-2.13789117446127
"159",20,0.506842197829469,0.31328986173324,-0.847067092987904
"160",20,0.624734025526282,-0.386803758901114,1.00455199982238
"161",21,1.39529220894429,0.90167734724241,1.81505160046548
"162",21,2.53843511142977,1.43017299052784,1.47197391157279
"163",21,0.836455031784849,1.27233795044815,1.83791970553822
"164",21,1.11538794814093,0.395893643675907,2.64966629990683
"165",21,0.219433518746899,0.313093373473569,0.974716545512853
"166",21,1.22193194014206,0.41906898119947,0.222881371706031
"167",21,1.6877742252696,1.88833786746689,2.59137818673513
"168",21,2.13930006418268,1.06704380956433,2.03176854787537
"169",22,-0.875009095838695,-0.403009821447022,0.338535836280947
"170",22,-0.463777398754336,-0.772474925244921,-0.0702555293048295
"171",22,-0.731361910452603,-0.00127507355493365,0.580765222775311
"172",22,-1.11335351802079,-1.0040711726268,-1.52676500003747
"173",22,1.59613607702111,0.742381665958838,1.59134288684561
"174",22,-2.58352897992815,-1.02609533141518,-2.42952395753927
"175",22,-1.21848007552735,-1.12671378170828,-1.21474633504263
"176",22,-0.646587344851894,-1.29283111677273,-2.28973964101894
"177",23,-0.0430995882524001,-1.15073025369538,-0.306257974847639
"178",23,1.15192561901405,-0.185713014126504,0.621075757529709
"179",23,1.75635656263081,0.312880737108923,-0.0671635374859133
"180",23,1.54482926526553,-0.118157850887952,0.813255140267309
"181",23,2.9452443915578,1.86610878161318,1.74245600548076
"182",23,0.0648503480154502,-1.05199689195491,-0.0085942325490199
"183",23,0.801911222751488,0.381233772776787,1.30134256459895
"184",23,0.933929846180547,0.39334688997567,0.519816512372389
"185",24,-0.639296538572502,-2.77894903236924,-2.14445071198995
"186",24,0.193987305091566,-1.36361047682556,-1.45814311355957
"187",24,-1.10331665662504,-2.73800610697713,-3.27900594566399
"188",24,-1.25049630653208,-2.42889213752999,-1.95039791147523
"189",24,-2.69645361235369,-3.45682617477701,-1.83453675102129
"190",24,-2.74115126373806,-3.05458084058975,-1.51189743708591
"191",24,-1.46763465612601,-2.44033761862493,-2.14964614440136
"192",24,-2.08709821445869,-2.72781764909396,-1.55267638407734
"193",25,-0.571252963858885,-0.712200761359252,0.335615378261056
"194",25,-0.755629514725984,-0.271738984607383,-1.82589407672073
"195",25,-1.69830856356703,-0.897078336514657,0.849850826655508
"196",25,-0.841059752356523,-0.0478199083119123,0.210109039335945
"197",25,-0.158863853473206,-0.83976632109432,0.31143203553986
"198",25,-0.909582649284383,-1.54253144495376,0.0306844024564674
"199",25,1.37123176842881,1.39682760365023,-0.537113354201054
"200",25,-0.903866186189754,-0.162263879077519,-0.609915836700546
"201",26,-0.878214193933506,1.01774549068915,0.0601150368738617
"202",26,-3.00335940620596,-1.09863560463058,-2.58354497857179
"203",26,-2.17591930398878,-1.20645203930863,-1.22894240904615
"204",26,-1.4516737128388,0.0845339752116634,-1.18228935323867
"205",26,0.828990320648387,1.87043224000008,-0.209464010113264
"206",26,-1.41224388702862,-0.465905512874482,-0.603078425417855
"207",26,-0.737260972305545,1.45939462136878,1.32168787664347
"208",26,0.337951282097727,2.36171394563439,1.62448580934224
"209",27,-1.51812828962014,-0.897319198359817,-1.11033362432482
"210",27,2.54110717386928,0.83016466321584,1.79744252008898
"211",27,0.498591987600237,0.872405477013521,0.242218001399075
"212",27,0.135134939839052,0.813546660088712,1.77592801523005
"213",27,0.894441902975528,-0.674606499038745,0.609082793658605
"214",27,0.430113513494737,0.583913476471288,0.959243144499305
"215",27,-0.15231327652682,-0.425063575754126,0.567696587217582
"216",27,-0.496028646949784,-0.844988091239329,0.247693729574498
"217",28,0.0227592187868073,2.08249999698026,2.18358771294238
"218",28,-0.502907643791305,3.86492797680163,2.38340821005611
"219",28,0.795787482337601,2.32241575835508,3.13894762748379
"220",28,-0.324163765210691,1.81030055949577,1.57243969028888
"221",28,-0.674979531327087,1.73490319344,1.98476812203763
"222",28,0.0726993396546799,2.10065862363941,2.63454505683025
"223",28,-0.69592802837484,0.552554828238215,2.03347300927138
"224",28,-0.525802167288036,0.556337919441756,-0.230919911676987
"225",29,-0.211046014700295,0.182293875892989,1.27275756102463
"226",29,-0.493958612727251,-2.1254812286503,-2.66983458058577
"227",29,-0.230367837272165,0.196517976134463,0.8091922143861
"228",29,-0.910392499471944,-0.549878621983208,-0.380535128960833
"229",29,-0.682712137166616,1.71328169777757,0.807211356107662
"230",29,0.117652030080112,-0.94284775085888,-0.0674388964939252
"231",29,-1.00180148845585,-0.0395212321588024,0.183812723188392
"232",29,1.07762066358976,0.279207927660825,0.856346468083863
"233",30,-0.336981797715339,0.430016143740459,-0.0605329928626794
"234",30,3.64014714764336,4.6592724218817,2.57528020686233
"235",30,1.58040182617364,2.2674475315188,1.31340145605208
"236",30,0.632310619262697,0.483522475591681,0.287311076548932
"237",30,3.24791628210041,3.57129428758906,0.76544851572436
"238",30,3.12189395461465,2.70364885764749,1.48946103149444
"239",30,1.71261435527014,2.58110425862806,1.95921409320193
"240",30,1.40540297115616,1.23197784705195,0.468669799389188
"241",31,1.0044562268838,1.6006474659436,2.5197751657317
"242",31,1.42371441749547,3.71496767439024,5.91900762160932
"243",31,1.40540048112091,2.84003223272242,4.57047836684955
"244",31,-1.61324872369418,-1.08052465703822,-1.07925574300578
"245",31,0.188279160330071,1.20933259961981,1.72183712193131
"246",31,-0.0285293014749191,1.78069767951385,1.53834341571027
"247",31,-0.332467478575746,-0.167187895191767,-2.14068321177584
"248",31,1.05717537515239,3.73676333470645,5.19216969963559
"249",32,0.252492502057461,0.217895603875791,0.73441857620465
"250",32,2.12044313261882,0.980742676754999,1.23540038197644
"251",32,3.06258565051474,2.68168801583916,0.737340613577479
"252",32,0.523355315963756,0.167614114785715,-0.0501578087173271
"253",32,1.74177041410619,1.15060905824691,1.78790124317244
"254",32,2.26511719643426,1.14201935725366,2.13972475870065
"255",32,1.75096246309344,0.702322862781487,1.14788053157955
"256",32,1.37035425709874,0.468962496124793,0.463995575563753
"257",33,0.612626874884219,0.623639784166613,0.549212473517356
"258",33,0.0551484217404129,1.72524502913356,0.980500663029017
"259",33,1.56541766550422,2.49637147444411,1.69558718136125
"260",33,1.73687364908084,1.56331740264707,0.648250711257488
"261",33,-0.0353632096026586,1.30239036749877,0.984209653609328
"262",33,-1.43645957427461,-0.739614356729594,-0.567695017924458
"263",33,0.0872722145966609,1.46350598164706,0.217855063599926
"264",33,-0.940990006254465,-0.0276061987685157,0.479948791691026
"265",34,0.904868893039589,2.73011018853939,4.59652558914679
"266",34,1.22176249539029,1.7235982213975,1.58262814178514
"267",34,-0.895485298650445,0.699903232063998,1.79604043815152
"268",34,-1.28769662372571,-2.60704997889738,-2.86470534634661
"269",34,-1.79661097586129,-0.627434072503823,-2.24940365257593
"270",34,0.773286296026809,1.49463411305829,0.832662875240244
"271",34,-1.02017327869132,-0.77898734227868,-0.653039302673176
"272",34,-0.333370384586205,0.523319709904466,0.725591705027231
"273",35,1.36133095671845,2.03564751152554,1.68942227145331
"274",35,0.516620502121033,1.17149472332626,1.25870166555331
"275",35,1.51023517374652,0.992463283949972,0.0673731208806515
"276",35,-0.215982195783247,0.869726434977783,1.57820099917501
"277",35,2.21013988133905,2.07057752355166,1.45019879332726
"278",35,0.753183313237845,1.12477400925678,0.229069945026702
"279",35,1.61047237845649,2.52001342853633,3.20386652249127
"280",35,1.44395072548528,1.54477384336766,-0.0261936299179146
"281",36,-1.57184079993983,0.0874250273384282,-1.58903400153119
"282",36,-0.688398148770797,-0.396532015306416,-1.44413873798611
"283",36,-3.77786197571079,-2.05210356199615,-2.27960600247191
"284",36,-1.52918567817328,0.144706382084553,-0.278709738047266
"285",36,-2.50426879205613,-0.18044959261558,-0.591414350824663
"286",36,-1.96245532432629,0.175949693878118,-0.240972538037854
"287",36,-3.63922315924158,-1.31351185100396,-0.225162904949502
"288",36,-2.87480757525971,-0.354844722630047,-0.568896939041626
"289",37,1.60098628436365,0.0603312435836345,-1.22414729074017
"290",37,0.402414057282074,-2.75573087160054,-3.26241298809137
"291",37,-0.976891895221217,-1.95135108009827,-1.52767485604823
"292",37,1.88447667905626,-0.741921985744068,-0.659566455813216
"293",37,0.409370249026552,-2.2164102057106,-1.79683028355896
"294",37,1.12393769036976,-0.855758891599784,-2.74033768969425
"295",37,0.607758820681022,-1.42595456596492,-1.22313697474531
"296",37,0.356742198434939,-1.87643295307287,-2.00284262934674
"297",38,0.926331608928328,1.33195086024227,1.14825302961238
"298",38,0.589392462378099,0.208708312649289,0.187185110962215
"299",38,-1.09184133593326,-1.44274810077528,-1.75710315467419
"300",38,1.5053491040734,2.00394802092117,1.11367013025678
"301",38,0.952080291525121,2.81143756073529,0.335381013113365
"302",38,-0.683539628851051,-0.128737670535945,-2.03504192919534
"303",38,-1.74672046956943,-2.23686935328057,-2.40121800545193
"304",38,1.41703049960202,1.45071467020891,1.73896458972545
"305",39,-0.106309706199835,0.778882646877647,1.97170205670831
"306",39,-0.411827498996111,-0.992508901108874,-1.9493716026283
"307",39,-2.40041718342419,-3.04005531880167,-6.42788172102325
"308",39,1.45794586540275,2.66629232923565,5.46919946449391
"309",39,-1.030730352344,-0.160798075745636,-0.496727886647703
"310",39,0.661885783200492,0.539259534681751,0.918105545019195
"311",39,-2.01679517148303,-0.713479999190569,-0.791719297724137
"312",39,-0.670358831509252,1.37387912755642,1.58605735989376
"313",40,-1.5547472204166,-3.58929407945508,-2.10049725370344
"314",40,0.322272000068461,-0.292926596435451,-0.0807195212280437
"315",40,-1.45725043792063,-1.5120498956245,-1.23945974759096
"316",40,-0.862855873097069,-0.410587075445977,0.18255018129449
"317",40,0.337647032679125,-1.07276248084529,-0.0978294805790601
"318",40,-0.13612371545626,-0.594957492403582,-0.298619897912355
"319",40,-1.53350243562067,-2.76222065134221,-1.20551409069788
"320",40,-0.624971204284808,-1.22187232228701,-0.525142750909684
"321",41,1.1713359323713,1.01709716857395,1.23070011920957
"322",41,-1.57911232845677,-0.156387535297569,-0.816215853492502
"323",41,1.22400820268674,1.48497065515789,1.60002838618046
"324",41,-0.492511246085538,0.195861943695156,-0.759174996554703
"325",41,-1.98697869339236,0.495909227299667,-1.40732629908358
"326",41,-0.710589271988923,0.00786871292667072,-1.1291918718342
"327",41,-2.72649394362734,-0.159800350273138,-1.55369220120676
"328",41,-0.231073548463978,0.24588472227904,0.169081232875146
"329",42,-0.070408181572744,0.434816440185647,0.490893359012914
"330",42,-0.24373924225981,0.521623457117861,-1.3429459018361
"331",42,0.312256485728315,0.151278431202931,-0.144036181399996
"332",42,1.33927182981449,0.184327407112187,-0.29341517866839
"333",42,-1.62483066230766,-1.08691948153176,0.792358986169801
"334",42,-0.609464445486605,0.274771514335944,-0.0221946389719101
"335",42,0.771102886078367,1.30168690251418,0.526055878664426
"336",42,1.63364522542161,1.05957676579662,1.53249920036924
"337",43,-0.618642335296729,1.06088672350439,0.607681703619146
"338",43,-1.01205412919799,1.53759686278834,-0.675571771439763
"339",43,-0.00611318278793083,-0.543434590364018,-0.50323047334095
"340",43,-0.165541428836735,2.69819663945974,1.33701869676169
"341",43,-1.1720996956587,-0.503518249562912,-0.4943623663185
"342",43,-2.00320001116243,-0.660066166394259,-1.18237668186932
"343",43,0.306151730669304,1.65067826864098,1.99185442409873
"344",43,-1.45564424222357,0.190406276803116,0.0164291670928835
"345",44,0.788132223981485,3.00894829281478,2.46535537994654
"346",44,1.62826858702136,4.17995390125474,3.21473440524525
"347",44,0.302790041793547,1.08343712282981,0.84754370006396
"348",44,-0.89752385435389,-0.689042695854582,0.874299291823142
"349",44,1.42486972548078,3.18364534939692,3.52476409600778
"350",44,1.23016413593823,2.09219978035331,1.80056659979093
"351",44,1.40494640200542,1.44329997957087,1.40252885577211
"352",44,1.12661372584068,1.57010368064915,0.346741166839203
"353",45,0.486297932937315,0.255652248657995,1.72921177197589
"354",45,1.47946822469935,-0.143970216095729,-0.306183865080044
"355",45,-0.860464489246575,-0.127629245613971,-0.687221992849376
"356",45,1.88256224297761,-0.522018979660318,-0.519764642658656
"357",45,-0.761863545848405,0.414810259773739,-0.371082550153863
"358",45,0.774329987696652,-1.28421651343065,-0.0956059705820879
"359",45,0.933883748552974,-1.12560149687475,-0.409706817307067
"360",45,1.28818270323121,0.245104548117373,-0.819423512835279
"361",46,0.497861703388332,0.155928530649288,-0.645672852598824
"362",46,-0.110499493529782,-0.426359381874372,-1.05553837646465
"363",46,-1.18762436566986,-0.96610994569271,-1.7839499223201
"364",46,-0.321667273156866,-1.46011177506637,-1.51655812522248
"365",46,-0.144965099201907,0.369863644176295,-0.425378205568217
"366",46,-1.74251070036013,-0.150638454898773,-0.436589420273179
"367",46,-1.36302465431908,-0.403203944384999,-0.967581530667745
"368",46,-2.69183768919874,-2.71252426493681,-1.83092926159484
"369",47,-2.39000591482391,-0.0331752439215915,-0.535236147517823
"370",47,-0.579768280030294,1.24929840142126,0.967803743111682
"371",47,-2.25883341149258,1.16268025971222,-0.794317656551318
"372",47,-0.866138314416717,0.639032559169302,1.06341473483201
"373",47,0.00891821729743003,0.938163818406401,0.524855582672501
"374",47,-1.47314285443976,0.129957861527896,0.720378003614515
"375",47,0.0100513416491874,1.10292854360482,-0.0656542653795204
"376",47,-1.21879604285981,1.82218847279925,0.243682538386704
"377",48,0.046915622370931,-1.17741882066756,-0.422291351601146
"378",48,0.111345375296271,-0.569894597115376,-1.94919145264
"379",48,0.66464608346188,0.637953490343421,1.51891164159245
"380",48,-1.06555321172129,-1.12275248363,-0.769443287695316
"381",48,-0.552055849036844,-2.0726723853979,-1.71847858122343
"382",48,0.399013251879502,-0.00261354197538422,0.437530738416448
"383",48,0.231181839732874,-0.317740216559506,-1.143741723357
"384",48,-0.98812867336399,-1.54826150303757,-1.56524500147024
"385",49,-0.403340578023037,0.750311481623241,0.530046323999252
"386",49,-1.1067283900728,-0.324651731451648,-0.912955634033751
"387",49,1.32328347700442,1.0053155655951,0.731379750831134
"388",49,-1.20903085072367,0.487645695600798,-0.662819518606798
"389",49,-0.615356183981455,-1.89113448010133,-1.65650414941921
"390",49,-1.11777514977504,0.0324939850884016,-0.8581925642504
"391",49,0.29345285981883,-0.741167393897676,-0.728580272740916
"392",49,1.17482638896815,0.784656201981769,0.762903964744839
"393",50,-0.384445389302303,0.740754751335754,-0.0371667676204532
"394",50,0.489843777463895,0.878407438582057,1.04876861893453
"395",50,-0.495373561256227,-1.03098328151587,-1.21276992306338
"396",50,0.025105305715481,-0.76318173819962,-0.296973305505905
"397",50,-0.527050364553482,-0.0860828161950113,-0.863924543543907
"398",50,-0.352048807306645,-1.24816538091764,0.183060006259936
"399",50,-0.476331322142966,0.398204909027782,0.522217561392606
"400",50,1.45455530405787,0.611684265042866,0.323162378848013
"401",51,-0.800246058687807,-2.01289651218816,-1.39090953777032
"402",51,-0.96393444535973,0.217576802053835,-0.154127886258695
"403",51,-0.989658432952606,-1.68752157433773,-1.90857890805538
"404",51,0.381027346799021,-1.65134421630319,-0.0945535429345859
"405",51,0.309798975617038,-0.790103397174432,-1.14237602702437
"406",51,-0.71928858318576,-0.919479220122572,-1.80551296008994
"407",51,-0.30011389789299,-0.787050909913921,-2.38813884763112
"408",51,-0.431181839281475,-0.0255055480005256,-1.38945113373688
"409",52,-2.57888428422579,-0.775172166037547,-1.22595671873428
"410",52,-1.07878726112979,0.0957843856032402,1.22605169095986
"411",52,-1.83163528552764,0.438632972143039,1.14579719725252
"412",52,-0.370430771290432,1.19525747525612,1.47351394355581
"413",52,-2.24547803393598,-0.0713316345932702,-1.2227465392835
"414",52,-1.3508651308407,-0.220111887783072,-0.0641766827494177
"415",52,-1.16093589298455,-1.22676179861654,-1.07601534292704
"416",52,-0.979227203852269,0.289854760243597,0.270053235375328
"417",53,-1.26970803263391,-0.0165241892117135,-2.07469606785838
"418",53,-0.798568323770334,-1.66891243110257,-0.907184703432128
"419",53,-0.105671633128347,-0.527900119719933,-0.138665103595704
"420",53,-0.117240187591012,-0.316494656023328,0.362762278716946
"421",53,1.54819959731697,0.938289730662002,1.66886746789114
"422",53,0.41036222425736,0.114914208823478,-0.897792190931302
"423",53,-0.777586880848224,-0.750663195034159,-0.949966251094238
"424",53,0.366949967536464,-0.0972267167823062,-1.94440869364978
"425",54,-0.129170902788661,0.530947468146209,0.0696752343868061
"426",54,0.637138000793356,0.681576892071363,1.29968253520039
"427",54,0.959431644304699,-0.0593351433114275,0.44016281552473
"428",54,0.225000644168116,-0.829136897745797,0.0951872419672185
"429",54,1.13631899861249,1.41420516102989,1.98287699814044
"430",54,-0.0336750748172462,0.303105989951922,0.275658249091862
"431",54,-0.6181358721139,-0.807973482082029,0.117660778601876
"432",54,0.564050586600006,-0.82264259171114,-0.827746188757812
"433",55,0.450721051182366,-1.70460527701693,0.949224732370555
"434",55,0.600097277125497,-1.17335296020316,0.482173292782973
"435",55,0.444721293928824,-2.25922178313567,0.242707661980529
"436",55,0.524375608534576,-1.04108876062339,0.863468521127456
"437",55,1.02293981003184,-0.39860788543147,0.297772751082697
"438",55,-0.126572724223295,-0.569108109941195,0.586345590742632
"439",55,0.595006490449521,-1.85128925104706,1.3704029647932
"440",55,-1.48753415682902,-1.02559031079421,0.415049251853843
"441",56,-1.23175961710773,0.166452734357507,-0.180453760179276
"442",56,-2.44306999121021,-0.973359279724127,-1.94949330190525
"443",56,-0.598801000309521,1.19737544513657,0.028562899895352
"444",56,-3.08263274558413,-1.00051836143186,-3.23094712265983
"445",56,-0.740138332910113,1.34143267740264,-0.681018402031373
"446",56,-3.19639803539181,-1.30122194165549,-3.22073214382288
"447",56,-1.81689333214691,-0.12548583250729,-2.84438880558249
"448",56,0.145069841981104,1.27961220233603,0.638042492064024
"449",57,0.102760599872767,-0.394150453870712,0.726833958541741
"450",57,0.283320221271695,1.1310755754729,1.28015878152276
"451",57,-0.620347662106591,-0.848895445922358,0.0465295861127699
"452",57,-1.15181090570676,-0.174452347075313,1.46372945132843
"453",57,0.00152602751335043,-1.16883728915303,-0.370484005274584
"454",57,1.30456182353393,1.7639538101578,0.651790656646048
"455",57,-1.7005378671822,-1.21769335837092,0.20976227084939
"456",57,1.56916802793229,0.392716868379675,0.727149219131559
"457",58,-0.0709758160511744,-0.681591901194936,-0.487875680789658
"458",58,-0.69787266323688,-2.48689196958127,-2.23726902100043
"459",58,0.52416318303539,-0.234482644960344,0.447490122576105
"460",58,-0.405234257653663,0.859916541677801,0.950159078327917
"461",58,2.77966725288388,1.87584119379091,1.83779411074327
"462",58,-0.148621148221342,-1.08876593843235,0.804160007889862
"463",58,0.735886992926289,0.186995791911122,1.26656208848806
"464",58,0.817612311231517,0.643979286412479,0.847481576732361
"465",59,0.406666153082569,2.74544464220613,2.22148576596006
"466",59,1.57254709043249,2.51041706305169,0.748706152067085
"467",59,-0.329733009227212,1.00793540979774,-0.15658543321187
"468",59,-1.00031526863254,-0.202367899661938,-0.338161654440745
"469",59,0.717584533845711,2.3903432380952,2.70398269732203
"470",59,-0.351939655173928,1.31423019292522,2.03859396290252
"471",59,0.662595715697441,0.349267857272543,0.3826047209872
"472",59,-1.29695884954002,1.1353658101609,0.778896433513749
"473",60,-1.05641807457261,-0.652738686213237,-1.22434545349311
"474",60,-1.7173003494944,-0.779221098232615,-0.993950806469537
"475",60,-1.95920589275173,-1.69546031360435,-2.33039527618151
"476",60,-0.615349138821462,0.353297223517795,-0.931852674010405
"477",60,-0.133326591602039,0.433513387892775,-0.428274715535478
"478",60,-0.786036948045608,-1.72412563157299,0.0301709111831815
"479",60,-0.611590307280631,-0.367152131772761,-0.99057599209417
"480",60,-1.11956030361095,0.345534934523934,-0.37972449705614
"481",61,-1.60426888627449,0.119480062764402,0.0811598024808617
"482",61,0.242231423536478,1.2771441074461,-0.741282350511477
"483",61,-0.25330098127552,1.06982074644578,0.515266630886303
"484",61,2.03905291899659,-0.133620481275955,1.03872875254806
"485",61,1.16223623693281,-0.192994938794722,0.812581226058046
"486",61,-0.492717605498646,0.404153423936527,0.608180708662592
"487",61,-0.102332122349513,0.638475809094693,0.112313381191837
"488",61,1.73776274214511,0.783278518057716,2.26201444239522
"489",62,-1.33880413015953,-0.316638195578106,-0.605347027914146
"490",62,-1.21889150085076,1.27385152799328,-0.102827267302389
"491",62,-1.10108961874529,0.645215242712902,-0.0830019802491433
"492",62,-2.33154738031468,0.476222551163333,-0.853072535389291
"493",62,-0.705539454581853,0.462636042215254,-1.18395967095269
"494",62,-1.0562706102586,0.578903480638786,0.552293275357698
"495",62,-1.91886403613109,0.533726038075988,0.164816470083382
"496",62,-1.28067927665426,0.261580274894392,0.216892347588861
"497",63,0.839416922962626,-0.226686458578574,0.497940660614446
"498",63,-0.478300112425755,-0.907362405321763,-1.47886951426524
"499",63,1.83037406783704,-1.40436404571805,1.63920448106326
"500",63,2.84892952431236,2.21853269685422,1.76279110464903
"501",63,0.513518967077081,-0.68279455577152,-0.570885679319704
"502",63,1.06639095231535,-0.149979649377657,0.643772949924017
"503",63,0.791234151087552,1.19661667511151,0.984091502957487
"504",63,1.31134418420794,0.509321959779323,0.214880765827507
"505",64,-1.30993349837542,0.727654790242664,-1.24171947189402
"506",64,-1.97227132744932,-0.641986279176414,0.873798822047096
"507",64,-0.557761355648635,-0.934659397978026,1.37609597312842
"508",64,-1.37119943892842,-1.15848421958371,-0.0913293758340617
"509",64,0.420307419194921,1.26567243498514,1.56757788465491
"510",64,-0.150326841466794,0.724309850541978,1.37083491921238
"511",64,-0.583616252247746,-0.13271192683278,0.993973736580011
"512",64,-0.69091271646769,-0.132023618328241,0.424200546008614
"513",65,-0.369351682393076,1.36732727070013,1.77221149336215
"514",65,-1.11774535942659,0.0355203201591928,1.85121141539462
"515",65,-0.562305780102005,0.414603618519546,1.50101535953326
"516",65,-1.24771000132266,-1.56170647525732,-1.27192118124342
"517",65,-1.4130549720863,0.0867098456731358,0.431377931240048
"518",65,-2.3387395514872,-2.20391883493467,-2.49028709003546
"519",65,-0.397512363302991,0.806832998082883,2.54054915411488
"520",65,-1.35034655865717,-0.333482617083953,0.105701658249603
"521",66,0.996217261629472,3.26465940887052,2.61360972081616
"522",66,1.32063112341633,4.26438052445712,3.61486129054898
"523",66,0.125211992372977,2.37615679483252,2.15275239745822
"524",66,-0.938521828970164,0.77319761787965,0.519969265755544
"525",66,1.46325130533034,1.74635112713495,0.203044871113166
"526",66,0.223982046348883,3.11587699384994,3.85313533172005
"527",66,0.74710326993234,2.10454562997963,1.93096906079631
"528",66,0.323983313472314,2.69126729298502,3.1237376191211
"529",67,-0.416051124013624,0.341463751880372,0.824619979614821
"530",67,-1.2629609232724,-0.553565867869426,0.39572581740349
"531",67,0.585128851098831,0.427499181032169,0.123846756124933
"532",67,-0.407526574410616,-1.37042510857159,0.326588643447731
"533",67,-1.58808890349267,-1.79796331900936,-0.713676179581111
"534",67,-1.22691120862041,-1.02184379379302,0.0332360560932312
"535",67,-1.46096386154357,-0.965631627825276,0.0348028946137227
"536",67,-0.547421367681963,-1.42819392974587,-1.9138785949176
"537",68,0.649239189808444,1.91049519632178,1.93198823533111
"538",68,-1.86365975632741,-0.941315101050567,-1.08682299257058
"539",68,-0.469717195955323,0.274407455691146,0.205711388726399
"540",68,-0.484789459467871,1.04150642340086,0.0256359202047536
"541",68,-1.04291928912053,-3.20425457445172,-2.98691970653411
"542",68,-0.773437049220317,-0.193619153342085,-0.556209449578697
"543",68,-1.01531353774651,1.65253938910619,0.626950630960414
"544",68,-1.62111324475079,-1.03596223311115,-4.1770916697134
"545",69,-2.6984593711142,-2.02504588815043,-1.4335427545384
"546",69,-0.914178300429897,0.320349550398259,0.0490129732949432
"547",69,-2.92018171421588,-1.50329761519264,-0.535830579649451
"548",69,0.384266541385095,0.734211057165083,1.06800443202786
"549",69,0.993596104542385,0.697185913207694,1.62653571891488
"550",69,0.0267018574695055,0.860864249900942,0.768648954855335
"551",69,-2.94903902652785,-2.35496809433743,-1.91526952727441
"552",69,-1.11632365286755,-1.08745501513042,0.471694462363321
"553",70,1.92127817132026,-0.223370557226592,-0.677205441279007
"554",70,0.520787181003578,0.329949550857706,-2.39109943054826
"555",70,0.331370635765425,-0.0814561667352602,-0.537792054474596
"556",70,1.05698869143804,0.202743467123827,0.131683423354429
"557",70,-0.833014288616839,1.37219114069902,-3.04824060343122
"558",70,0.675405272582829,-0.351731447543875,-0.118326523787731
"559",70,1.01145598257925,-0.67293956515815,-0.775860478851562
"560",70,-1.11269260752291,1.2822889753139,-0.722204938462029
"561",71,-0.233210404596707,-1.59001468078463,-2.3912816538656
"562",71,-2.00719911655785,-2.28976010955714,-5.98242616090621
"563",71,-0.713621056485381,-1.6207686238985,-3.97763140328032
"564",71,0.290413770196073,-0.814293106481638,-1.08359306212396
"565",71,-0.867463575246566,-2.69190500235928,-4.08972181739873
"566",71,-0.895598121704102,-2.25561417486763,-3.28583791710705
"567",71,-0.460589251566231,-1.30732813047327,-2.51568072207079
"568",71,-1.54173791462243,-3.40175146001831,-6.5097725344901
"569",72,0.35164190243212,-0.193350837538653,-0.631842781782409
"570",72,1.17314889551049,0.121976487415402,-1.09471973796393
"571",72,-0.724992729995574,2.02808179896729,-0.0747724812643558
"572",72,0.680022111310891,-0.338793774649439,1.40947143322037
"573",72,0.994203348559578,1.52141926549461,0.622431625339053
"574",72,-0.217111893920252,-0.603557925627141,-0.45370462481395
"575",72,2.65856248992244,2.68252244319947,2.60166001658288
"576",72,0.284249113822333,0.175698045312823,-0.508313713854547
"577",73,-1.17591785542393,-0.951482600630223,-0.00173768828954998
"578",73,-1.51662279564726,-1.52217615919931,-1.06688979975455
"579",73,0.215654036966513,0.684833124116474,0.134114195033513
"580",73,-1.16293261347075,0.766802669391275,0.745310571036205
"581",73,-1.0413625003667,-1.27581838410379,-0.603564768020451
"582",73,-1.43353088519335,-0.0122260610725088,0.313754305855925
"583",73,2.82233132257283,2.19129947934392,3.72506092115662
"584",73,-1.00246013057336,0.340342940667672,-0.557949622458248
"585",74,-0.896953545080586,-2.48253176852629,-1.48522968983297
"586",74,-1.02097060958189,-0.359114085469705,-0.313907826984078
"587",74,-0.881846795627544,-1.83806582935602,-1.66421755640536
"588",74,-2.08114580704364,-1.97805508679317,-2.47552401272738
"589",74,-0.404776645538414,-0.787021935278293,-1.43402065843024
"590",74,0.370256478818047,-0.887300209187088,-0.423266860356813
"591",74,1.40814945691067,-0.0843075972775479,-0.132407962762758
"592",74,1.11810976562385,1.69957978444624,0.785658270110699
"593",75,-0.773802552625551,1.4066128470796,1.33787946419586
"594",75,2.08741300126023,2.381167409934,1.91798928329089
"595",75,-0.267496928636294,1.19805108599634,0.861102421449473
"596",75,0.228489563976847,-0.352139302155073,0.975681856016451
"597",75,0.860609011381864,1.13496502087795,0.741069298632996
"598",75,0.317136317169332,1.49066807381233,1.24326335021475
"599",75,0.572129871757188,0.759200996888627,1.1911975413698
"600",75,0.840305025913451,2.38635828332071,1.94767442618151
"601",76,0.484673065533169,0.0836639478019146,-2.0692001619824
"602",76,-1.34269886178397,0.638834535411867,-1.04846456951243
"603",76,0.0322848843107851,1.38065626369027,0.278625369099185
"604",76,0.445962184928446,2.5055986893156,0.411715906677112
"605",76,-0.0941546580245316,1.01607498521414,-0.963857649673155
"606",76,1.74614028932491,2.75080798677228,0.905876194326731
"607",76,1.13689196567273,2.15916033610566,0.617044549224826
"608",76,0.180076170227291,-0.0195229404203336,0.364624001474819
"609",77,0.878122045548389,3.17737822661332,2.37803722575934
"610",77,-0.000444737460509714,3.42289113249115,1.9590490657366
"611",77,0.00809368856900916,0.998816656304244,0.342063841673279
"612",77,0.455426390586814,3.38906893967123,1.34874776010817
"613",77,0.437715265794036,3.49489580247684,2.50993380483429
"614",77,-0.779012226510336,2.34856191927,1.01749108562104
"615",77,1.87690330236875,2.96685109090572,0.498687297857272
"616",77,1.18574627332294,0.365746404240708,-0.376900180753076
"617",78,-2.91084826568111,1.27524079249596,-1.56169195632256
"618",78,-1.23959252446013,0.808097157410201,-0.407032605610139
"619",78,-1.52525510023457,1.90678797758871,-1.11696301045086
"620",78,-1.89446491870568,0.983649128107351,-1.39838968853401
"621",78,-3.38637443571509,-0.0827877457574677,-2.92666624408141
"622",78,-3.20337459146891,2.95770211034034,-1.08306185218737
"623",78,-1.96517936838147,0.921967352033776,-2.26758231868946
"624",78,-1.16462045025239,1.89344433513381,-1.1951109019617
"625",79,-1.49367694797809,-0.343157923818058,0.382062039781468
"626",79,0.50781988501916,-0.624190859601124,0.735720390317473
"627",79,-0.236220261126387,-1.65686691323554,-0.289315510489872
"628",79,0.974523478702679,-1.53871775145303,-1.02235118142131
"629",79,-1.48875540130692,-2.09371601762246,-0.55913513961098
"630",79,0.381753536414335,0.754316829561567,0.972931458268035
"631",79,0.630949742753958,0.25669251278414,-0.245825069788163
"632",79,-1.04761033776786,-2.02366043919124,-0.856256961616274
"633",80,0.700151810549862,-0.176464026403193,0.963050176394244
"634",80,1.75905512414351,0.114731853452043,0.711580024016267
"635",80,0.264480430166204,-2.81031083604622,-0.778030099443544
"636",80,-0.0603787191220373,-1.6080560339614,1.16019971597222
"637",80,0.636398839537926,0.162776179215404,1.3186689691594
"638",80,-0.0591351243598124,-0.58320911391775,0.652380190073513
"639",80,1.07229837616556,-0.598946998426894,-0.208590036212077
"640",80,0.612277433266266,-1.87357737016013,0.959268785325311
"641",81,-2.89934466932771,-0.0978429411529038,-0.0537491874348582
"642",81,-2.25684350167425,-0.447456714804796,-0.578300018078979
"643",81,-4.15142629737933,-2.61941647389147,-1.22503414352562
"644",81,-1.98741755625289,-0.752113835351265,0.649855937312815
"645",81,-1.19804483593307,-1.31878256224042,0.433840913449955
"646",81,-3.7810422730648,-2.37724547381304,-0.911645318790067
"647",81,-2.61833443818678,-0.554629245357572,-0.672625937847894
"648",81,-2.6815015429834,-2.13922534641286,0.132671548385712
"649",82,-1.7222367463058,-2.60890308400253,-2.1428496029692
"650",82,-1.83494787216802,-1.7306090125878,-0.773949495085735
"651",82,-1.49921697049021,-0.700671122717322,-1.35478628485187
"652",82,-3.02405075616784,-2.4510711943072,-1.59780292403359
"653",82,-1.83893825057647,-1.39345298259762,-0.994958900219547
"654",82,-1.88711937443592,0.151871010407812,-0.446995027643743
"655",82,-1.13901274389645,-0.738693465141485,-0.590961495422312
"656",82,-1.920461908912,-1.75709025443674,-2.4434637638159
"657",83,-0.267656024870243,-0.026728779988348,0.0873994085183266
"658",83,0.793154435007083,-0.594715230008988,0.420338026702379
"659",83,-1.02234801609428,-0.168894859826034,1.18653082335894
"660",83,0.187179529284913,1.74279542137447,1.65854986806331
"661",83,0.00455767565082302,-0.846788734257103,-0.0958922418675647
"662",83,-1.3234936198837,-0.790094931267012,-0.539301181446801
"663",83,-0.152413019700781,-1.98572275671844,0.0429524067138244
"664",83,-1.30543225703353,-0.257855763407493,1.05509240212554
"665",84,0.81677087375531,1.05660296509364,1.17336853256202
"666",84,0.450707253698357,-1.14076195300794,-0.376075680099926
"667",84,0.169542461705954,-0.517243804738859,-0.0152134897362523
"668",84,0.0503784964497015,0.945579707348021,2.43680942066184
"669",84,-0.77959276537329,-2.30042406998967,-1.4363408760803
"670",84,-0.840157358445918,-0.897596800706461,-1.17164013333539
"671",84,-0.582990655894832,-2.29635595837729,-2.07278377810179
"672",84,-0.440007602743431,-0.280291514290226,1.51146680730602
"673",85,-3.61183414631892,-3.57019660661735,-5.54560709919686
"674",85,-1.78977845916847,-3.28743022604185,-4.75092168153294
"675",85,-2.03542665039161,-2.82216213406025,-3.91927641712052
"676",85,-3.6011333517043,-6.06380442597408,-8.60003160755161
"677",85,-1.18324963404712,-1.40726355619426,-1.92727579954443
"678",85,-0.649761415023243,-1.54112660209001,-0.784260368812498
"679",85,-1.69701056420935,-2.40781781861208,-3.738925883347
"680",85,-2.18785889343735,-2.1786136708642,-3.08954525232008
"681",86,1.31613176239841,1.81759427316051,1.40109515888681
"682",86,3.09963528921011,-0.49304739449782,0.0519180964245662
"683",86,2.51185975437599,2.71118648273483,1.08570592503517
"684",86,3.86966089242647,1.21576041930217,0.844823998445693
"685",86,0.504053525536633,0.331847203673077,-0.0465240402682684
"686",86,2.29747858708468,1.32938281136045,0.984447733931613
"687",86,2.60995136110283,0.543757343759845,0.407772815757507
"688",86,2.02298016097852,2.55405611062776,1.32161937621962
"689",87,0.00766768223992176,-0.693017522881119,-0.42956118893765
"690",87,-0.0651763004839413,-1.09896879647071,-3.14721311045682
"691",87,-1.12390221573396,-0.878252760105542,0.160512656711101
"692",87,0.052460771705954,-0.601558285059045,-0.707283007752828
"693",87,-0.794797969943673,-0.202413567881318,-0.69376391944077
"694",87,-0.857105461787949,-0.719688255399913,-0.875467214553713
"695",87,-3.04657885400026,-1.34728652274079,-2.23284183358586
"696",87,-1.66006506834965,-2.08297445732967,-1.16649567409787
"697",88,-0.484615643944559,1.06741062228353,-0.79725636555231
"698",88,2.25072203728719,5.01242185284315,4.45972354574362
"699",88,-1.29310351060823,-0.295104782365027,-0.696945234142044
"700",88,-1.7306564460377,-1.65085473185021,-2.88857244697736
"701",88,-0.566026868261665,0.317521050994443,1.06070749117686
"702",88,1.75071783130074,2.42698665825684,0.860147331702266
"703",88,0.291269372388106,1.5880777453847,2.04590742891592
"704",88,-1.6127049229145,-1.02018751783622,-2.21328324552074
"705",89,-1.33130265081558,-3.53823752261156,-3.47557967620834
"706",89,1.5361783721116,0.852712924510131,1.53566839440342
"707",89,-0.672929801517227,-1.11695763956731,-2.2916962832665
"708",89,-0.257660976601804,-1.23400348432019,-0.673378429503519
"709",89,-0.0823054684957268,-0.170500964694709,0.504185224885736
"710",89,1.19832729785592,-0.698447876491482,-1.14873195885996
"711",89,0.201309565139428,-0.235173907475094,-0.253805656572275
"712",89,-1.33036075654187,-2.20995876387891,-2.36164014456544
"713",90,-0.854066366370348,-0.906923328072969,-1.35309292349143
"714",90,-1.18029965191454,-0.674638117753115,-0.510439758728501
"715",90,-0.343809963572775,0.345694373708241,-0.733983672477724
"716",90,1.23149960064125,1.73869749350905,0.204844788175216
"717",90,-0.863083725590341,-1.32592701608929,-2.38702457622864
"718",90,-0.207784890058475,-1.41049572703905,-0.7862068617013
"719",90,-0.387135246449163,-1.14696969040543,-2.01873897294565
"720",90,-0.128422741017402,1.12837853098976,-0.0594870447797796
"721",91,0.43195928698452,-0.34968401834617,-0.776772055648801
"722",91,1.86787192673861,0.59345997670529,1.78882916593118
"723",91,0.588891219575376,1.51947602683737,0.348164384675071
"724",91,1.27329222580273,-0.137394681201481,-0.345050258872274
"725",91,1.66404506847587,1.07876085182307,1.88152773486326
"726",91,1.60452392584731,1.30174361386839,1.82390809671729
"727",91,2.15433035724317,0.638245778035432,2.4014916379335
"728",91,1.36848690241589,0.283144355813467,1.28361344268963
"729",92,0.768673930606423,-0.00809577153644771,-1.10263013760915
"730",92,-0.492001211679873,-1.19960183943397,-1.96110077007828
"731",92,1.22187301526618,0.758272678096196,-0.21877496188453
"732",92,-0.242175482489562,-0.857692956284849,-1.57032057968702
"733",92,-0.55443414498042,0.12713633244681,-2.01023406048503
"734",92,0.990824844295642,-0.412759244958765,-1.50147762219504
"735",92,0.117685953390751,0.353933982460621,-0.456717449307517
"736",92,2.06065319722532,-0.165415678628427,0.448314048921396
"737",93,1.37777239711543,2.48851719855463,1.15585094555651
"738",93,1.2258566356544,1.96149839298351,1.87119171693885
"739",93,2.03870224335074,-0.0946640117558304,-0.7828270561128
"740",93,0.681812904447784,0.716712892915596,1.26823014505289
"741",93,2.41519382043392,1.94984155654492,0.368622280291276
"742",93,2.49651558157319,0.854053052102401,1.16913275084268
"743",93,0.431471863683246,0.970755054418559,0.444598161047242
"744",93,2.58230030279949,1.55209957402503,0.697765174379574
"745",94,-0.51421249255344,0.967062245030664,1.4858528468957
"746",94,-2.21543224276207,-0.571080996506224,-0.197644954072807
"747",94,-1.0251870972372,0.645630931544524,-1.33801279667493
"748",94,-0.235162485310403,0.377954320814378,0.206212424374931
"749",94,-0.507726505003681,0.495072168919557,-0.639769898059753
"750",94,-1.537476076658,-1.60055083384012,-2.32116844336418
"751",94,-2.1562353764318,-0.310498764353235,-0.778177142179471
"752",94,-1.17250540454509,-0.106301792459181,-1.17920163706199
"753",95,2.1941349515038,0.644853460820934,0.874313831420499
"754",95,1.05202348036042,-0.67196371849339,-1.56559201068346
"755",95,0.761036788888781,-0.728590534838533,-1.11928152744735
"756",95,2.74877024661366,0.454251321628181,0.3315838291266
"757",95,1.14503808410197,1.33833590049752,1.03919095889535
"758",95,-0.533601242235121,0.119248379130246,-1.87331721452931
"759",95,0.265912593412278,0.0658076475193576,-1.10809351457102
"760",95,1.93550774858623,-0.714031664974244,-0.335016835963128
"761",96,0.015413115550056,-0.737410986841741,-0.222898712119293
"762",96,1.08555944080109,1.19611068595568,1.93988213282452
"763",96,0.420803435414824,-0.470167140000159,-0.908867947360631
"764",96,0.38389218335784,-1.53161242965274,-1.30509475453537
"765",96,-0.205471036875401,-0.87597462525721,-0.0164794747631344
"766",96,1.19062768607565,-1.02478012398586,-1.27172356468229
"767",96,0.070881786254795,-2.60305208997976,-2.63739467140786
"768",96,0.568806576133202,-1.25884607313825,-0.924950882008648
"769",97,-2.11032028587611,-0.11190810827556,-0.1024784684696
"770",97,-1.04150798798151,0.18726939056881,-1.35836049801381
"771",97,-1.94911220989413,-0.493445808642946,-1.07402601055911
"772",97,-1.03638372233378,0.550753782780549,-0.683346038055936
"773",97,-0.877346759300748,-0.120788795523465,-0.0931653204113219
"774",97,-3.86554999317771,-1.48187109756562,-0.54999715026216
"775",97,-1.99957858264789,-0.5222389261928,-1.38238067838128
"776",97,-1.94115358550624,-2.8369432602565,-1.47013008274299
"777",98,-0.347142932504188,0.603944182119867,-1.51956076765519
"778",98,0.758838634769186,-0.300417044710566,-0.173171257490244
"779",98,1.61380224167111,-0.435893835328864,-0.814385052274383
"780",98,-0.509876863406092,-0.146947747308278,-1.36592364280608
"781",98,0.213261540181729,-0.262567963187351,-1.6756472324883
"782",98,1.91525562353083,0.630054746354268,-1.5276715403505
"783",98,-0.304129801613107,-0.568483516831585,-0.724530777289931
"784",98,0.701417250680323,0.319946591887451,-2.81059128139937
"785",99,-0.341132497914793,0.173560697778533,-1.89574175111047
"786",99,0.108856260583698,-1.06922420362353,-1.05634860629444
"787",99,-1.88347326896509,-1.95740665153903,-2.37429545020749
"788",99,-0.31163687043959,-0.275091126862373,-0.577813724392545
"789",99,1.32991083397625,0.776775061841544,-1.0942983248394
"790",99,-1.08195848714917,-1.2415396840441,-1.44127650519014
"791",99,-0.147678795894982,-1.65788187099398,-1.8788998957252
"792",99,0.409877631196898,-0.086679799107442,-1.51805088545239
"793",100,0.60859378642285,-0.000883777597233473,-0.534502734404765
"794",100,2.44848478622713,1.25084579260123,0.450996376613022
"795",100,1.39687749927184,-0.285844532145772,-0.0645917926809265
"796",100,1.74891147064453,1.78785341196016,1.60388379151141
"797",100,2.9347306804072,1.7000651694592,1.86387605333585
"798",100,0.534979476861573,-0.0191704583264264,-0.557609466441127
"799",100,0.690229188095585,1.28181993881838,1.76587448795866
"800",100,1.70170096277365,1.79926116371208,2.22268425352851
